jay,1710619234737
jay,1710619255048
jay,1710619272132
connie,1710623495318
connie,1710623626637
connie,1710623664948
connie,1710623760967
jay,1710623856095
jay,1710638054778
jay,1710638381701
connie,1710640610459
connie,1710640638914
connie,1710640774887
connie,1710640860383
jay,1710641791111
connie,1710641958288
connie,1710647668759
ash,1710647738851
connie,1710647855050
connie,1710648086316
ash,1710648959567
jay,1719618510967
jay,1719618603093
jay,1719619339304
jay,1719619491320
jay,1719620822960
jay,1719620870762
jay,1719620939374
jay,1719621185884
jay,1719621243174
jay,1719621367129
jay,1719621418234
jay,1719621536942
jay,1719621650125
jay,1719621771126
jay,1719621797866
jay,1719621831956
jay,1719621850390
jay,1719621873206
jay,1719621897186
jay,1719622005829
jay,1719622082547
jay,1719622177014
jay,1719622439867
jay,1719622500510
jay,1719622546468
jay,1719623525369
jay,1719624815777
